ID,Capability,Failure mode,Impact,Impact rationale,Likelihood,Likelihood rationale,Score,Band,Primary treatment,Release treatment,Owner,Status
RISK-001,CAP-01,Customer can access another customer's order/account data,5,Unauthorised exposure of protected customer data,2,Requires an authorization control defect but is a credible boundary failure,10,High,Authorization API matrix plus security review,Release-critical for auth/authorization changes,Platform Team,Open
RISK-002,CAP-01,Legitimate customer cannot establish or maintain a valid session,4,Blocks account and purchase-related access,3,Session creation expiry and sign-out are common state transitions,12,High,Auth API plus session lifecycle and focused UI checks,Release-critical on critical access path,Platform Team,Open
RISK-003,CAP-02,Catalogue presents stale or incorrect price/availability,4,Incorrect commercial state can cause dispute or checkout failure,3,Catalogue state changes and crosses service boundaries,12,High,Contract and cross-service consistency checks,Release-critical when checkout-affecting,Catalogue Team,Open
RISK-004,CAP-02,Search/filter/sort returns incorrect or incomplete results,3,Material discovery degradation without direct transaction corruption,3,Search permutations and changing data create plausible defects,9,Medium,API permutations plus representative UI,Conditional on discovery/search changes,Catalogue Team,Open
RISK-005,CAP-02,Search latency degrades under expected peak demand,3,Slow discovery can reduce conversion,3,Peak demand and query complexity can expose degradation,9,Medium,Performance scenario and latency/error thresholds,Conditional on search/capacity changes,Platform Team,Open
RISK-006,CAP-03,Basket total is calculated incorrectly,5,Customer can see or pay an incorrect amount,2,Deterministic rules can fail at boundary/rule combinations,10,High,Component/API calculation permutations,Release-critical for commercial rule changes,Commerce Team,Open
RISK-007,CAP-03,Basket state is lost or corrupted before checkout,4,Customer cannot reliably continue prepared purchase,3,Persistence navigation and concurrent state transitions create exposure,12,High,API state transitions plus integration and focused E2E,Release-critical on purchase path,Commerce Team,Open
RISK-008,CAP-04,Payment succeeds but ShopSphere does not create a durable order,5,Financial and durable purchase state disagree,3,Payment persistence and failure boundaries are plausible distributed-system risks,15,High,Payment/order integration reconciliation observability and focused E2E,Release-critical,Order Team,Open
RISK-009,CAP-04,Retry after uncertain provider result creates a duplicate charge,5,Customer can be charged more than once,3,Timeout and retry are plausible distributed-system conditions,15,High,Timeout simulation idempotency and repeated-request checks,Release-critical,Order Team,Open
RISK-010,CAP-04,Checkout is unavailable or too slow under peak demand,5,Revenue-critical purchases can be broadly blocked,3,Peak load dependency saturation and contention are plausible,15,High,Load/capacity/resilience testing,Release-critical for checkout/capacity changes,Platform Team,Open
RISK-011,CAP-04,Declined payment is reported as successful or ambiguously,5,Customer/order state can misrepresent financial outcome,2,Requires incorrect provider-response mapping at integration boundary,10,High,Provider response mapping plus negative API/E2E,Release-critical,Order Team,Open
RISK-012,CAP-05,Same successful checkout creates more than one order,5,Duplicate durable orders can trigger duplicate fulfilment,3,Retries concurrency and eventual consistency expose missing idempotency,15,High,Order idempotency concurrency and retry integration tests,Release-critical,Order Team,Open
RISK-013,CAP-05,Order is stored but not visible to owning customer,4,Purchase status becomes unclear and support burden rises,2,Requires persistence read-model or authorization inconsistency,8,Medium,Persistence/read-model integration plus focused order-history E2E,Release-critical on order read-model changes,Order Team,Open
RISK-014,CAP-05,Duplicate order-created event causes repeated downstream processing,4,Duplicate downstream effects create operational/customer impact,2,Duplicate delivery is plausible but idempotent consumers constrain exposure,8,Medium,Duplicate-delivery and consumer-idempotency tests,Conditional on messaging/consumer changes,Order Team,Open
RISK-015,CAP-05,Confirmation notification is delayed or missing,2,Communication degrades while valid order remains durable,3,Asynchronous delivery and retry make delay/failure plausible,6,Medium,Async integration plus retry/dead-letter observability,Conditional on notification changes,Notification Team,Open
